name,rarity,cost,effect,category,scaling,tags,image,archetype,strategy,test_idea,type,activation,unlock,probability,copyable,perishable,eternal,wiki_number
8 Ball,Common,5,1 in 4 chance for each played 8 to create a Tarot card when scored (Must have room),Utility,no,planet,8_Ball.png,Consumable Engine,Every scored 8 is a lottery ticket for a free Tarot — worth keeping your 8s around early while the build decides what it wants to be. Oops! All 6s doubles the odds.,Theory: playing 2+ 8s per round prints more Tarot value than a flat economy joker prints dollars. Track one run and count the Tarots.,Effect,On Scored,,1 in 4,1,1,1,26
Abstract Joker,Common,4,+3 Mult for each Joker card,+Mult,no,+mult|joker-synergy,Abstract_Joker.png,Mult Battery,+3 Mult per joker means it peaks at +15 with a full board — a solid early bridge that quietly becomes your worst slot late. Classic 'sell it when the shop offers a real payoff' joker.,In the optimizer: at what point does a ×1.5 joker beat Abstract's +15? Compare on your usual hand at level 3.,Additive Mult,Independent,,,1,1,1,34
Acrobat,Uncommon,6,X3 Mult on final hand of round,xMult,no,hand-timing|xmult,Acrobat.png,xMult Payoff,"×3 but only on your final hand of the round — a closer, not an opener. Strongest when you can bank one giant hand: pair it with hand-size and level investment in a single hand type.",Toggle 'final hand' in the optimizer and see whether Acrobat's ×3 finish beats spreading two medium hands.,Multiplicative Mult,Independent,Play 200 hands,,1,1,1,108
Ancient Joker,Rare,8,"Each played card with [suit] gives X1.5 Mult when scored, suit changes at end of round",xMult,no,xmult,Ancient_Joker.png,xMult Payoff,"×1.5 per matching-suit card scored, but the suit changes every round. Wild cards and Smeared Joker soften the roulette; mono-suit decks make it a coin flip between dead and dominant.",Set Ancient's suit in the optimizer to your flush suit vs. off-suit — measure exactly how much a bad round costs.,Multiplicative Mult,On Scored,,,1,1,1,99
Arrowhead,Uncommon,7,Played cards with Spades suit give +50 Chips when scored,+Chips,no,+chips|suit:Spades,Arrowhead.png,Chip Battery,+50 chips per scored Spade is a huge flat battery for spade flushes — chips are usually the scarce half of the equation once your Mult engine is running.,"Theory: on a lvl-2 spade flush, Arrowhead outscores a generic +Mult joker until your mult passes ~20. Verify.",Chips,On Scored,Have at least 30 cards with Spade suit in your deck,,1,1,1,118
Astronomer,Uncommon,8,All Planet cards and Celestial Packs in the shop are free,Utility,no,planet|shop,Astronomer.png,Economy,Free Planet cards and packs turn every shop into hand-leveling. It doesn't score — it compounds your base values so everything else scores harder next ante.,Track hand levels over 3 antes with vs. without buying celestials — how many levels does 'free' actually buy?,Effect,N/A (Passive),Discover every Planet card,,0,1,1,143
Banner,Common,5,+30 Chips for each remaining discard,+Chips,no,+chips|discards,Banner.png,Chip Battery,+40 chips per remaining discard rewards not discarding — which fights against digging for your hand. Great with disciplined flush/pair builds that don't need to dig.,In-game theory: playing greedy (0 discards used) with Banner vs. digging for the better hand — which clears the blind more often?,Chips,Independent,,,1,1,1,22
Baron,Rare,8,Each King held in hand gives X1.5 Mult,xMult,no,face-cards|held-in-hand|xmult,Baron.png,xMult Payoff,"×1.5 per King held in hand is one of the great late-game engines: hoard Kings, play cheap hands, let the held Kings multiply. Wants retriggers (Mime) and steel Kings.",Optimizer: play a junk pair while holding 3 Kings — watch Baron beat a 'real' hand played without it.,Multiplicative Mult,On Held,,,1,1,1,72
Baseball Card,Rare,8,Uncommon Jokers each give X1.5 Mult,xMult,no,joker-synergy|xmult,Baseball_Card.png,xMult Payoff,Every Uncommon joker gains ×1.5 — it converts a board of utility Uncommons into a multiplicative wall. Count your Uncommons before buying; 3+ makes it absurd.,Add your actual lineup in the optimizer and count Uncommons — each is worth ×1.5. Compute your board's hidden total.,Multiplicative Mult,On Other Jokers,,,1,1,1,92
Blackboard,Uncommon,6,X3 Mult if all cards held in hand are Spades or Clubs,xMult,no,held-in-hand|suit:Clubs|suit:Spades|xmult,Blackboard.png,xMult Payoff,"×3 if every held card is Spades/Clubs — demands deck sculpting (The Moon/The World tarots) or playing your whole hand. Painful mid-run, monstrous in a black-suit deck.",Optimizer: full 5-card plays leave 3 held cards — how often can your current deck keep those 3 all black?,Multiplicative Mult,Independent,,,1,1,1,48
Bloodstone,Uncommon,7,1 in 2 chance for played cards with Hearts suit to give X1.5 Mult when scored,xMult,no,probability|suit:Hearts|xmult,Bloodstone.png,xMult Payoff,Coin-flip ×1.5 on each scored Heart: streaky but massive in heart flushes. Expected value is fine; variance is the real cost — don't bet a must-win blind on it.,Compare EV mode vs. Optimist mode on a heart flush in the optimizer — that gap is the risk you're accepting.,Multiplicative Mult,On Scored,Have at least 30 cards with Heart suit in your deck,1 in 2,1,1,1,117
Blue Joker,Common,5,+2 Chips for each remaining card in deck,+Chips,no,+chips|deck-size,Blue_Joker.png,Chip Battery,"+2 chips per card left in deck starts big and shrinks as you thin. It's an anti-synergy with deck-thinning builds — strongest in fat, unsculpted decks early.",Theory: Blue Joker is worth ~+100 chips in ante 1 and ~+60 by ante 5 in a thinning build. Track your deck count.,Chips,Independent,,,1,1,1,53
Blueprint,Rare,10,Copies ability of Joker to the right,Utility,no,copycat|joker-synergy,Blueprint.png,Utility/Glue,Copies the joker to its right — position is everything. Point it at your best ×Mult or scaling joker and it's the strongest card in the game; point it at economy and you've wasted a Rare.,"Optimizer: put Blueprint left of your best ×Mult, then left of a +Mult — the score gap is the whole lesson.",Effect,,Win a run,,1,1,1,123
Bootstraps,Uncommon,7,+2 Mult for every $5 you have,+Mult,no,+mult|economy,Bootstraps.png,Mult Battery,+2 Mult per $5 rewards hoarding cash — synergizes with interest-cap economy and punishes shop sprees. A budget bridge that gets better the greedier your wallet.,"At $25 it's +10 Mult: in the optimizer, find the cash level where Bootstraps beats your other flat-mult option.",Additive Mult,Independent,Have at least 2 Polychrome Jokers at the same time.,,1,1,1,145
Brainstorm,Rare,10,Copies the ability of leftmost Joker,Utility,no,copycat|joker-synergy,Brainstorm.png,Utility/Glue,Copies your LEFTMOST joker — so it rewards planning your board like a sentence. Leftmost slot becomes sacred: park the thing worth copying there and never move it.,Optimizer: Brainstorm + your leftmost ×Mult vs. moving that ×Mult right — prove why slot 1 matters.,Effect,,Discard a Royal Flush.,,1,1,1,138
Bull,Uncommon,6,+2 Chips for each $1 you have,+Chips,no,+chips|economy,Bull.png,Chip Battery,+2 chips per dollar makes your savings account part of the scoring engine. With $40 banked that's +80 chips every hand — economy builds get a combat stat for free.,"At your usual bank balance, does Bull out-chip a dedicated chip joker? Check in the optimizer.",Chips,Independent,,,1,1,1,93
Burglar,Uncommon,6,"When Blind is selected, gain +3 Hands and lose all discards",Utility,no,blind-aware|discards,Burglar.png,Utility/Glue,"+3 hands, zero discards: it converts safety into tempo. Strong with Banner-style no-discard play and card draw; brutal if your build needs to dig for combos.",In-game: one full ante never discarding — did the extra hands out-earn the lost selection?,Effect,On Blind Select,,,1,1,1,47
Burnt Joker,Rare,8,Upgrade the level of the first discarded poker hand each round,Utility,no,discards,Burnt_Joker.png,Utility/Glue,Upgrades the level of the first hand you discard each round — turns waste into investment. Deliberately discard your money hand first to level it while dumping junk.,Theory: Burnt Joker levels your main hand ~2×/ante. Compare against buying planets for the same effect.,Effect,On Discard,Sell 50 cards.,,1,1,1,144
Business Card,Common,4,Played face cards have a 1 in 2 chance to give $2 when scored,Economy,no,aces|economy|face-cards|probability,Business_Card.png,Economy,Face cards flip coins for dollars — it wants face density (Pareidolia turns the whole deck into a payroll). Never a scorer; purely a payroll on cards you were playing anyway.,Track one ante: how many $ did face-card coin flips actually pay vs. a flat economy joker?,Economy,On Scored,,1 in 2,1,1,1,42
Campfire,Rare,9,"This Joker gains X0.25 Mult for each card sold, resets when Boss Blind is defeated",xMult,yes,blind-aware|joker-synergy|scaling|xmult,Campfire.png,Scaling Engine,"Gains ×0.5 per card SOLD and resets after each boss — a rhythm joker. Sell aggressively right before boss blinds, cash the multiplier, accept the reset as the price.",Enter Campfire's current × in the optimizer before a boss — how many sales does it take to beat a static ×2?,Multiplicative Mult,Independent,,,1,1,1,105
Canio,Legendary,20,This Joker gains X1 Mult when a face card is destroyed,xMult,no,aces|destruction|face-cards|xmult,Canio.png,Scaling Engine,Legendary that grows ×1 for every face card destroyed. Pairs with card-destroying tarots/glass faces — you're burning your deck to feed a permanent multiplier.,Enter Canio's current × after each destruction — plot how fast controlled demolition scales vs. Hologram.,Multiplicative Mult,Mixed,Find this Joker from the Soul card.,,1,1,1,146
Card Sharp,Uncommon,6,X3 Mult if played poker hand has already been played this round,xMult,no,xmult,Card_Sharp.png,xMult Payoff,"×3 if you replay a hand type already played this round. Multi-hand rounds only — play a cheap flush to 'prime' it, then the real flush cashes ×3.",Optimizer: cheap primer hand + primed ×3 real hand vs. two normal hands — total the round both ways.,Multiplicative Mult,Independent,,,1,1,1,62
Cartomancer,Uncommon,6,Create a Tarot card when Blind is selected (Must have room),Utility,no,blind-aware|tarot,Cartomancer.png,Consumable Engine,"A free Tarot every blind keeps your sculpting engine fed. Value scales with how well you use Tarots — it's a pick for players with a plan, dead weight without one.",Count one run: Tarots consumed via Cartomancer vs. bought — what did the free stream let you skip buying?,Effect,On Blind Select,Discover every Tarot card.,,1,1,1,142
Castle,Uncommon,6,"This Joker gains +3 Chips per discarded [suit] card, suit changes every round",+Chips,yes,+chips|discards|joker-synergy|scaling|suit:Spades,Castle.png,Scaling Engine,Gains chips per discarded card of a chosen suit (changes each round). Discards become deposits — sculpt discards toward the suit and it becomes a monster chip battery.,Enter Castle's current chips in the optimizer each ante — is it outpacing Blue Joker's shrinking battery yet?,Chips,Mixed,,,1,0,1,103
Cavendish,Common,4,"X3 Mult, 1 in 1000 chance this card is destroyed at the end of round",xMult,no,destruction|probability|xmult,Cavendish.png,xMult Payoff,"×3 with a 1-in-1000 self-destruct: statistically immortal, emotionally terrifying. Take the ×3 and don't think about it.",Optimizer: measure what flat ×3 does to your best hand — then decide what odds of loss you'd actually accept for it.,Multiplicative Mult,Independent,,1 in 1000,1,1,0,61
Ceremonial Dagger,Uncommon,6,"When Blind is selected, destroy Joker to the right and permanently add double its sell value to this Mult",Economy,no,blind-aware|destruction|economy,Ceremonial_Dagger.png,Scaling Engine,Eats the joker to its right on blind select and banks double its sell value as +Mult. Feed it cheap shop jokers like a wood chipper — position and timing are the skill.,Enter Dagger's current +Mult in the optimizer — how many $2 sacrifices equal one Rare ×Mult purchase?,Additive Mult,Independent,,,1,0,1,21
Certificate,Uncommon,6,"When round begins, add a random playing card with a random seal to your hand",Utility,no,seals,Certificate.png,Deck Sculptor,Adds a random playing card with a seal each round — free deck inflation with upside. Anti-synergy with thin-deck plans; fine in wide 'value pile' decks.,"Theory: after 4 antes, Certificate's added cards helped more hands than they diluted. Review your run log.",Effect,N/A (Passive),Have a Gold playing card with a Gold Seal,,1,1,1,112
Chaos the Clown,Common,4,1 free Reroll per shop,Utility,yes,scaling|shop,Chaos_the_Clown.png,Economy,"One free reroll per shop is quietly one of the best economy effects in the game — reroll equity every single shop, forever.",Track 3 shops: did the free reroll find something you'd have paid $5+ to see? That's its real yield.,Effect,N/A (Passive),,,0,1,1,30
Chicot,Legendary,20,Disables effect of every Boss Blind,Utility,no,blind-aware,Chicot.png,Utility/Glue,Legendary that disables boss blind effects — a skeleton key. Its value is exactly the value of the boss you'd otherwise lose to; priceless against your build's counter.,List which boss effects actually kill your archetype — Chicot is worth its slot only if that list is long.,Effect,On Blind Select,Find this Joker from the Soul card.,,0,1,1,149
Clever Joker,Common,4,+80 Chips if played hand contains a Two Pair,+Chips,no,+chips|hand:Four of a Kind,Clever_Joker.png,Chip Battery,"+80 chips on Two Pair hands — budget glue for pair-spam builds before real engines arrive. Cheap, honest, replaceable.",Optimizer: Two Pair + Clever vs. a bare Three of a Kind — which clears an early blind cheaper?,Chips,Independent,,,1,1,1,13
Cloud 9,Uncommon,7,Earn $1 for each 9 in your full deck at end of round,Economy,no,deck-size|economy,Cloud_9.png,Economy,$1 per 9 in your deck at round end — a savings bond on cards you might never play. Keep your 9s and it pays rent; thin them and it's dead.,Count your 9s; multiply by remaining antes. Compare that total against just selling Cloud 9 for quick cash.,Economy,N/A (Passive),,,0,1,1,73
Constellation,Uncommon,6,This Joker gains X0.1 Mult every time a Planet card is used,xMult,yes,planet|scaling|xmult,Constellation.png,Scaling Engine,Gains ×0.1 per Planet used — the definitive slow-burn engine. With Astronomer or celestial packs it snowballs; buy planets you don't even need just to feed it.,Enter its current × each ante in the optimizer — find the ante where Constellation passes a flat ×2.,Multiplicative Mult,Independent,,,1,0,1,55
Crafty Joker,Common,4,+80 Chips if played hand contains a Flush,+Chips,no,+chips|hand:Flush,Crafty_Joker.png,Chip Battery,+80 chips on Flushes — early flush-build filler that bridges you to real multipliers. Sell without sentiment when the engine arrives.,Optimizer: at what Mult level does dropping Crafty for a ×1.5 joker become correct on your flush?,Chips,Independent,,,1,1,1,15
Crazy Joker,Common,4,+12 Mult if played hand contains a Straight,+Mult,no,+mult|hand:Straight|straights,Crazy_Joker.png,Mult Battery,+12 Mult on Straights — the straight build's starter engine. Straights are harder to assemble; make sure Shortcut/Four Fingers support exists before committing.,Optimizer: your straight + Crazy vs. your flush + nothing — is the straight line actually ahead yet?,Additive Mult,Independent,,,1,1,1,9
Credit Card,Common,1,Go up to -$20 in debt,Economy,no,economy,Credit_Card.png,Economy,"Go up to -$20: it's a loan, not income. Real use is tempo — grabbing the build-defining joker NOW instead of two shops later. Interest math punishes staying negative.",Theory: going -$15 for a key engine one ante early beats staying solvent. Try both across two runs and compare antes reached.,Economy,N/A (Passive),,,0,1,1,20
DNA,Rare,8,"If first hand of round has only 1 card, add a permanent copy to deck and draw it to hand",Utility,no,copycat|deck-size|hand-timing,DNA.png,Deck Sculptor,"Play exactly one card on your first hand and it's permanently duplicated. A copy machine for your best card — steel Kings, glass Aces, lucky cards. Slow, deliberate, exponential.",Theory: 3 antes of DNA-copying one steel King beats most Rare jokers. Track your King count and Baron math.,Effect,On Played,,,1,1,1,51
Delayed Gratification,Common,4,Earn $2 per discard if no discards are used by end of the round,Economy,yes,discards|economy|scaling,Delayed_Gratification.png,Economy,"$2 per discard if you use none — pays you to not dig. Competes directly with Banner for the same discipline; take one, not both, unless economy is the whole plan.",One ante of zero discards: total the payout vs. the blinds where digging would have found a better hand.,Economy,N/A (Passive),,,0,1,1,35
Devious Joker,Common,4,+100 Chips if played hand contains a Straight,+Chips,no,+chips|hand:Straight|straights,Devious_Joker.png,Chip Battery,+100 chips on Straights — same job as Crafty but for the straight lane. Filler that buys time.,Optimizer: Devious on a lvl-2 straight vs. nothing on a lvl-3 flush — which line is actually winning?,Chips,Independent,,,1,1,1,14
Diet Cola,Uncommon,6,Sell this card to create a free Double Tag,Utility,no,,Diet_Cola.png,Utility/Glue,Sell it for a free Double Tag — it's a coupon disguised as a joker. The skill is timing the sale to double a tag you actually want.,"Which tag would you double right now? If the answer is 'none', Diet Cola is just an empty slot.",Effect,N/A (Passive),,,1,1,0,94
Driver's License,Rare,7,X3 Mult if you have at least 16 Enhanced cards in your full deck,xMult,no,deck-size|enhancements|xmult,Driver's_License.png,xMult Payoff,"×3 if your deck holds 16+ enhanced cards — the payoff for going all-in on Tarot sculpting. A win condition for enhancement decks, a fantasy otherwise.",Count your enhanced cards. Under 10? Estimate the shops needed to hit 16 before committing the slot.,Multiplicative Mult,Independent,Enhance 16 cards in your deck,,1,1,1,141
Droll Joker,Common,4,+10 Mult if played hand contains a Flush,+Mult,no,+mult|hand:Flush,Droll_Joker.png,Mult Battery,"+10 Mult on Flushes — the flush starter kit. Standard early buy, standard mid-game sell.",Optimizer: Droll vs. The Tribe (×2) on your current flush — find the exact mult where ×2 overtakes +10.,Additive Mult,Independent,,,1,1,1,10
Drunkard,Common,4,+1 discard each round,Utility,no,discards,Drunkard.png,Utility/Glue,"+1 discard per round: more selection every single round. Quietly enables combo digging and Castle/discard synergies — better than it looks, worse than a scorer.",Theory: the extra discard converts ~1 losing blind per 2 antes into a win. Watch your close calls.,Effect,N/A (Passive),,,0,1,1,88
Dusk,Uncommon,5,Retrigger all played cards in final hand of the round,Retrigger,no,hand-timing|retrigger,Dusk.png,Retrigger,"Retriggers every played card on your final hand — a closer that doubles card-level value (steel, per-card jokers) when it matters most. Sequence rounds to end on your payoff hand.",Toggle 'final hand' with Dusk in the optimizer — measure the retrigger premium on your standard play.,Retrigger,On Scored,,,1,1,1,28
Egg,Common,4,Gains $3 of sell value at end of round,Economy,yes,economy|scaling,Egg.png,Economy,"Gains $3 sell value each round — a savings account you eventually crack. The discipline is remembering it's an investment, not a keeper.",Decide the sale ante in advance (usually when a real joker appears). Compare its total yield to interest income.,Economy,N/A (Passive),,,0,1,1,46
Erosion,Uncommon,6,+4 Mult for each card below [the deck's starting size] in your full deck,+Mult,no,+mult|deck-size,Erosion.png,Mult Battery,"+4 Mult for each card BELOW your deck's starting size — pays you to shred your own deck. Glass cards, Hanged Man, and purposeful destruction turn it into a real engine.","After each destruction, update the count: at -6 cards it's +24 Mult. In the optimizer, find where it beats your ×1.5.",Additive Mult,Independent,,,1,1,1,81
Even Steven,Common,4,"Played cards with even rank give +4 Mult when scored (10, 8, 6, 4, 2)",+Mult,no,+mult,Even_Steven.png,Mult Battery,+4 Mult per scored even card — a parity build's backbone. Sculpt toward 2/4/6/8/10 and every hand feeds it; ignore parity and it's a coin-flip bonus.,Optimizer: an all-even Two Pair vs. a mixed Full House — parity discipline vs. raw hand rank.,Additive Mult,On Scored,,,1,1,1,39
Faceless Joker,Common,4,Earn $5 if 3 or more face cards are discarded at the same time,Economy,no,aces|discards|economy|face-cards,Faceless_Joker.png,Economy,"$5 when you discard 3+ face cards at once — turns dead face cards into payroll. Wants a fat, facey deck you're willing to dump from.",One ante: how many triple-face discards did you actually assemble? Multiply by $5 and judge the slot.,Economy,On Discard,,,1,1,1,57
Fibonacci,Uncommon,8,"Each played Ace, 2, 3, 5, or 8 gives +8 Mult when scored",+Mult,no,+mult|aces,Fibonacci.png,Mult Battery,+8 Mult on each scored A/2/3/5/8 — a rank-based engine that quietly loves straights (A-2-3-4-5 hits three Fibs). Sculpt ranks toward the sequence and it stacks fast.,Optimizer: play A-2-3-5-8 'garbage' with Fibonacci vs. your best normal hand without it. Enjoy the result.,Additive Mult,On Scored,,,1,1,1,31
Flash Card,Uncommon,5,This Joker gains +2 Mult per reroll in the shop,+Mult,yes,+mult|scaling|shop,Flash_Card.png,Scaling Engine,Gains +2 Mult per shop reroll — turns reroll costs into stat points. Reroll-heavy players get paid twice: better shops AND a growing engine.,Enter its current +Mult each ante — does aggressive rerolling scale it past a flat +15 by ante 5?,Additive Mult,Independent,,,1,0,1,96
Flower Pot,Uncommon,6,"X3 Mult if poker hand contains a Diamonds card, Clubs card, Hearts card, and Spades card",xMult,no,suit:Clubs|suit:Diamonds|suit:Hearts|suit:Spades|xmult,Flower_Pot.png,xMult Payoff,×3 when all four suits score — rainbow hands on demand. Wild cards make it consistent; four-suit straights and junk 'rainbow' plays become premium hands.,Optimizer: a deliberately rainbow High Card+stones play with ×3 vs. your mono-suit flush. Closer than you think?,Multiplicative Mult,Independent,Reach Ante level 8,,1,1,1,122
Fortune Teller,Common,6,+1 Mult per Tarot card used this run,+Mult,yes,+mult|scaling|tarot,Fortune_Teller.png,Scaling Engine,+1 Mult per Tarot used this run — a pedometer for your sculpting habit. In Tarot-heavy builds it's a free +15 by midgame.,Count Tarots used so far; enter it in the optimizer. Is your habit already outscoring a purchased +Mult joker?,Additive Mult,Independent,,,1,1,1,86
Four Fingers,Uncommon,7,All Flushes and Straights can be made with 4 cards,Utility,no,hand:Straight|straights,Four_Fingers.png,Rule Bender,4-card flushes and straights change the entire hand-assembly math — you complete 25% more often and free a slot for a steel/glass passenger in every 'full' hand.,Optimizer with Four Fingers on: your 4-card flush + 1 payoff passenger vs. a natural 5-card flush.,Effect,N/A (Passive),,,0,1,1,18
Gift Card,Uncommon,6,Add $1 of sell value to every Joker and Consumable card at end of round,Economy,no,consumables|economy|joker-synergy,Gift_Card.png,Economy,+$1 sell value to every joker and consumable each round — inflation for your whole shelf. Rewards wide boards you'll eventually liquidate.,"Before a big re-shelf, total the added sell value across the board — did Gift Card pay more than an Egg would have?",Economy,N/A (Passive),,,0,1,1,79
Glass Joker,Uncommon,6,This Joker gains X0.75 Mult for every Glass Card that is destroyed,xMult,yes,destruction|enhancements|scaling|xmult,Glass_Joker.png,Scaling Engine,"Gains ×0.75 per Glass card destroyed — the reason to CRACK glass, not protect it. Justice-enhanced junk cards become fuel: play them, break them, scale forever.",Enter its current × after each shatter. Two breaks ≈ ×2.5 — check in the optimizer what that does to your closer.,Multiplicative Mult,Independent,Have at least 5 Glass Cards in your deck,,1,0,1,120
Gluttonous Joker,Common,5,Played cards with Clubs suit give +3 Mult when scored,+Mult,no,+mult|suit:Clubs,Gluttonous_Joker.png,Mult Battery,+3 Mult per scored Club — suit-mult filler. Only as good as your Club density; pairs naturally with The Moon tarot sculpting.,Optimizer: your club flush with Gluttonous vs. without — then decide if the slot earns more than a scaler.,Additive Mult,On Scored,,,1,1,1,5
Golden Joker,Common,6,Earn $4 at end of round,Economy,no,economy,Golden_Joker.png,Economy,"Flat $4 per round — the benchmark all economy jokers are measured against. Boring, dependable, and exactly $4 better than nothing.","Multiply remaining rounds × $4. If a shop joker can't beat that total in value, keep the gold.",Economy,N/A (Passive),,,0,1,1,90
Golden Ticket,Common,5,Played Gold cards earn $4 when scored,Economy,no,economy|enhancements,Golden_Ticket.png,Economy,$4 per scored Gold card — makes Gold enhancement worth playing instead of just holding. Needs deliberate Devil-tarot investment to matter.,Count your gold cards; estimate scored-per-round. Does the payout beat Golden Joker's flat $4? Usually needs 2+.,Economy,On Scored,Play a 5 card hand that contains only Gold cards,,1,1,1,106
Greedy Joker,Common,5,Played cards with Diamonds suit give +3 Mult when scored,+Mult,no,+mult|suit:Diamonds,Greedy_Joker.png,Mult Battery,"+3 Mult per scored Diamond — same family as the other suit-mults. Buy to match your suit plan, not the other way around.",Optimizer: quantify one round of diamond plays with vs. without — filler jokers deserve exact numbers too.,Additive Mult,On Scored,,,1,1,1,2
Green Joker,Common,4,"+1 Mult per hand played, -1 Mult per discard",+Mult,yes,+mult|discards|scaling,Green_Joker.png,Scaling Engine,"+1 Mult per hand played, -1 per discard — a metronome that rewards playing fast and loose with discards. Grows forever if you protect it.",Enter its current value each ante. Theory: no-discard play makes Green outgrow Ride the Bus. Race them mentally.,Additive Mult,Mixed,,,1,0,1,58
Gros Michel,Common,5,"+15 Mult, 1 in 6 chance this card is destroyed at end of round",+Mult,no,+mult|destruction|probability,Gros_Michel.png,Mult Battery,"+15 Mult with a 1-in-6 chance of dying each round. Great rate, real risk — ride it early, but never build a late-game plan on a banana.",Expected lifespan ≈ 6 rounds. Did yours beat the odds? Log it — and never trust it for a boss you can't lose.,Additive Mult,Independent,,1 in 6,1,1,0,38
Hack,Uncommon,6,"Retrigger each played 2, 3, 4, or 5",Retrigger,no,retrigger,Hack.png,Retrigger,"Retriggers every scored 2/3/4/5 — low ranks score twice. Combined with Fibonacci (2,3,5) or lucky/steel low cards it turns 'bad' cards into the good cards.",Optimizer: 2-3-4-5-x straight with Hack vs. 10-J-Q-K-A — the low straight wins by more than you'd guess.,Retrigger,On Scored,,,1,1,1,36
Half Joker,Common,5,+20 Mult if played hand contains 3 or fewer cards,+Mult,no,+mult,Half_Joker.png,Mult Battery,"+20 Mult when playing 3 or fewer cards — pays you to play small. Absurd with strong pairs and held-card engines (Baron): tiny plays, big holds.","Optimizer: 2-card pair + Half Joker + held Kings vs. a full 5-card hand — small-ball vs. big hand, head to head.",Additive Mult,Independent,,,1,1,1,16
Hallucination,Common,4,1 in 2 chance to create a Tarot card when any Booster Pack is opened (Must have room),Utility,no,probability|tarot,Hallucination.png,Consumable Engine,Coin-flip Tarot on every pack opened — passive sculpting income for players already buying packs. Zero effect if you skip shops.,"Track 5 packs: Tarots gained vs. the joker slot's opportunity cost. It's a rider, never a reason.",Effect,N/A (Passive),,1 in 2,1,1,1,85
Hanging Chad,Common,4,Retrigger first played card used in scoring 2 additional times,Retrigger,no,retrigger,Hanging_Chad.png,Retrigger,"Retriggers the FIRST scored card twice more — position play. Lead every hand with your most loaded card: glass, steel-adjacent, holo, lucky.","Optimizer: put your polychrome card first vs. last in the played order — same cards, different score. Order is a stat.",Retrigger,On Scored,Beat a Boss Blind with a High Card,,1,1,1,115
Hiker,Uncommon,5,Every played card permanently gains +5 Chips when scored,+Chips,yes,+chips|scaling,Hiker.png,Deck Sculptor,"Every played card permanently gains +5 chips — your deck itself levels up. Favors playing MANY cards (Splash, five-card hands) and long runs; compounding you can feel by ante 6.","Theory: by ante 5, Hiker has added +150 total chips across your regulars. Spot-check your most-played cards.",Chips,On Scored,,,1,1,1,56
Hit the Road,Rare,8,This Joker gains X0.5 Mult for every Jack discarded this round,xMult,yes,discards|face-cards|scaling|xmult,Hit_the_Road.png,Scaling Engine,"Gains ×0.5 per discarded Jack this round — a per-round crescendo. Hoard Jacks, dump them in one round where you need a monster, accept the reset.","Discard 3 Jacks (×2.5), enter it in the optimizer on your closer — plan exactly which blind deserves the show.",Multiplicative Mult,Mixed,Discard 5 Jacks at the same time.,,1,1,1,130
Hologram,Uncommon,7,This Joker gains X0.25 Mult every time a playing card is added to your deck,xMult,yes,deck-size|scaling|xmult,Hologram.gif,Scaling Engine,"Gains ×0.25 per card ADDED to your deck — the anti-thinning engine. Standard packs, Certificate, DNA all feed it; a fat-deck philosophy with a multiplier attached.",Enter its current × each ante. Theory: 8 added cards (×3) beats any static joker in the shop. Watch it come true.,Multiplicative Mult,Independent,,,1,0,1,70
Ice Cream,Common,5,"+100 Chips, -5 Chips for every hand played",+Chips,no,+chips,Ice_Cream.png,Chip Battery,"+100 chips melting -5 per hand — strongest the moment you buy it. It's a rental: great for surviving THIS ante, gone in ~20 hands. Buy for emergencies, not futures.",It hits zero in 20 hands. Count hands-per-ante in your log — how many antes is Ice Cream actually worth?,Chips,Independent,,,1,1,0,50
Invisible Joker,Rare,8,"After 2 rounds, sell this card to Duplicate a random Joker (Removes Negative from copy)",Utility,no,joker-synergy,Invisible_Joker.png,Utility/Glue,"After 2 rounds, sell it to DUPLICATE a random joker — a lottery ticket that copies your board. Best on boards with one obvious jackpot and no duds to accidentally clone.","Before selling: list your board. If fewer than half are worth duplicating, the coin flip is against you.",Effect,N/A (Passive),Win a run without ever having more than 4 Jokers,,0,1,0,137
Joker,Common,2,+4 Mult,+Mult,no,+mult,Joker.png,Mult Battery,"+4 Mult, no questions asked. The tutorial joker — and still correct to buy on ante 1 when the alternative is nothing. Replace without ceremony.",Optimizer: measure exactly when +4 stops mattering on your curve. It's earlier than sentiment suggests.,Additive Mult,Independent,,,1,1,1,1
Joker Stencil,Uncommon,8,"X1 Mult for each empty Joker slot, Joker Stencil included",xMult,no,joker-synergy|xmult,Joker_Stencil.png,xMult Payoff,×1 per EMPTY joker slot — power through minimalism. A 1-2 joker board with Stencil beats many full boards; the discipline is not buying things.,Optimizer: Stencil at ×4 (empty board) vs. your usual 5-joker spread. Let the math argue with your hoarding instinct.,Multiplicative Mult,Independent,,,1,1,1,17
Jolly Joker,Common,3,+8 Mult if played hand contains a Pair,+Mult,no,+mult|hand:Pair,Jolly_Joker.png,Mult Battery,+8 Mult on Pairs — the humble start of every pair-spam build. Cheap and cheerful; graduates to the sell pile by mid-run.,"Optimizer: Jolly on a lvl-3 Pair vs. The Duo's ×2 — find the crossover, sell on schedule.",Additive Mult,Independent,,,1,1,1,6
Juggler,Common,4,+1 hand size,Utility,no,hand-size,Juggler.png,Utility/Glue,"+1 hand size — more selection every hand, better flush/straight assembly, deeper holds for Baron-style builds. Invisible but everywhere.",Theory: +1 hand size raises your average best-play score by ~10%. Sample five hands in the optimizer with 8 vs. 9 cards.,Effect,N/A (Passive),,,0,1,1,87
Loyalty Card,Uncommon,5,X4 Mult every 6 hands played,xMult,no,xmult,Loyalty_Card.png,xMult Payoff,×4 every sixth hand — a metronome payoff. Count your hands and SAVE the ×4 for the hand that matters; wasting it on a small blind is the classic error.,Plan a round in the optimizer: five setup hands then the ×4 closer vs. six flat hands. Rhythm beats rate.,Multiplicative Mult,Independent,,,1,1,1,25
Luchador,Uncommon,5,Sell this card to disable the current Boss Blind,Utility,no,blind-aware,Luchador.png,Utility/Glue,"Sell it to disable the current boss blind — a one-shot Chicot. Carry it as insurance against your build's hard counter, spend it exactly once, exactly right.","Name the one boss that ends your run. Luchador's whole value is that name — if you can't name it, sell now.",Effect,N/A (Passive),,,1,1,0,77
Lucky Cat,Uncommon,6,This Joker gains X0.25 Mult every time a Lucky card successfully triggers,xMult,yes,enhancements|scaling|xmult,Lucky_Cat.png,Scaling Engine,Gains ×0.25 every time a Lucky card triggers — turns gambling into compounding. Magician-tarot your low cards and every lucky proc is both Mult now AND × forever.,Enter its current × each ante. Theory: 10 lucky procs (×3.5) arrives faster than Constellation's equivalent. Race them.,Multiplicative Mult,Mixed,,,1,0,1,91
Lusty Joker,Common,5,Played cards with Hearts suit give +3 Mult when scored,+Mult,no,+mult|suit:Hearts,Lusty_Joker.png,Mult Battery,+3 Mult per scored Heart — heart-suit filler. Same rules as its siblings: match your sculpting plan or skip.,"Optimizer: your heart-heavy hand with vs. without. If the delta bores you, the slot wants a scaler.",Additive Mult,On Scored,,,1,1,1,3
Mad Joker,Common,4,+10 Mult if played hand contains a Two Pair,+Mult,no,+mult|hand:Four of a Kind,Mad_Joker.png,Mult Battery,"+10 Mult on Two Pair — filler for the pair-spam lane. Two Pair is easy to assemble, so it triggers constantly; it just never scales.",Optimizer: Two Pair + Mad vs. Full House bare — cheap consistency vs. rank. Which clears this blind?,Additive Mult,Independent,,,1,1,1,8
Madness,Uncommon,7,"When Small Blind or Big Blind is selected, gain X0.5 Mult and destroy a random Joker",xMult,no,blind-aware|destruction|joker-synergy|xmult,Madness.png,Scaling Engine,Gains ×0.5 each blind selected — but DESTROYS a random other joker each time. A deal with the devil: feed it junk early and it outgrows everything; feed it your engine and weep.,"Board math: with 2 protected keepers and 2 sacrifices, how many blinds until Madness (×3+) has paid for the funerals?",Multiplicative Mult,Independent,,,1,0,1,64
Mail-In Rebate,Common,4,"Earn $5 for each discarded [rank], rank changes every round",Economy,no,aces|discards|economy,Mail-In_Rebate.png,Economy,$5 per discarded card of a chosen rank (changes each round) — turns targeted discards into income. Check the rank every round; sometimes the discard IS the play.,One ante: dollars earned chasing the rebate rank vs. hands weakened by chasing it. Net it out honestly.,Economy,On Discard,,,1,1,1,83
Marble Joker,Uncommon,6,Adds one Stone card to the deck when Blind is selected,Utility,no,deck-size|enhancements,Marble_Joker.png,Deck Sculptor,Adds a Stone card to your deck each blind — stones always score (+50 chips) but never make hands. Great with Splash/Stone Joker; quiet dilution otherwise.,Optimizer: your flush with one stone passenger scored vs. five natural cards — is +50 worth the dead draw?,Effect,On Blind Select,,,1,1,1,24
Matador,Uncommon,7,Earn $8 if played hand triggers the Boss Blind ability,Economy,no,blind-aware|economy,Matador.png,Economy,$8 when the boss blind's ability triggers — pays you for walking into the punch. Best against bosses whose trigger is constant; useless against one-shot effects.,"Before each boss: will its ability trigger 2+ times? If yes, Matador out-earns Golden Joker this round.",Economy,Independent,Defeat a Boss Blind in 1 hand without using any discards,,1,1,1,129
Merry Andy,Uncommon,7,"+3 discards each round, -1 hand size",Utility,no,discards|hand-size,Merry_Andy.png,Utility/Glue,"+3 discards but -1 hand size — digging power at the cost of selection. Loves discard engines (Castle, Hit the Road, rebates); hurts big-hand assembly.","Theory: with Castle on board, Merry Andy's extra discards scale more chips than the lost hand-size costs. Track one ante.",Effect,N/A (Passive),Win a run in 12 or fewer rounds,,0,1,1,125
Midas Mask,Uncommon,7,All played face cards become Gold cards when scored,Utility,no,aces|enhancements|face-cards,Midas_Mask.png,Deck Sculptor,"Played face cards turn Gold — combos with Golden Ticket into a face-card mint. Without Ticket it's mostly making your faces worth holding, not playing.",Pair test: Midas + Golden Ticket for one ante — total the $ from gilded faces vs. two economy jokers.,Effect,On Played,,,0,1,1,76
Mime,Uncommon,5,Retrigger all card held in hand abilities,Retrigger,no,held-in-hand|retrigger,Mime.png,Retrigger,Retriggers all held-in-hand effects — Baron's soulmate. Steel cards and held Kings double-dip; the entire held-hand archetype starts here.,"Optimizer: Baron + 2 held Kings, then imagine each King triggering twice (×1.5→×2.25 each). That's Mime.",Retrigger,On Held,,,1,1,1,19
Misprint,Common,4,+0-23 Mult,Utility,no,,Misprint.png,Mult Battery,"+0 to +23 Mult, random every hand — averages a solid +11.5 with pure chaos attached. Fine early; the variance is a tax on planning must-win hands.","Compare EV vs. Optimist mode in the optimizer — if the worst roll loses you the blind, Misprint isn't a real +11.",Additive Mult,Independent,,,1,1,1,27
Mr. Bones,Uncommon,5,"Prevents Death if chips scored are at least 25% of required chips, self destructs",Utility,no,,Mr._Bones.png,Utility/Glue,"Saves you from death once (if you scored 25%+ of the blind), then leaves. A run-insurance policy — its value is every risky line you get to take BECAUSE it exists.","Count the greedy plays you made only because Bones was there. That freedom, not the rescue, is the product.",Effect,N/A (Passive),Lose 5 runs,,0,1,0,107
Mystic Summit,Common,5,+15 Mult when 0 discards remaining,+Mult,no,+mult|discards,Mystic_Summit.png,Mult Battery,+15 Mult when you're on 0 discards — rewards either spending them all fast or running Burglar's no-discard life. Timing joker: your LAST hands each round get the bonus.,Optimizer: your closer at +15 (discards spent) — worth sequencing discards early every round? Usually yes.,Additive Mult,Independent,,,1,1,1,23
Obelisk,Rare,8,This Joker gains X0.2 Mult per consecutive hand played without playing your most played poker hand,xMult,yes,scaling|xmult,Obelisk.png,Scaling Engine,"Gains ×0.2 per hand played that is NOT your most-played hand — pays you for variety and punishes one-trick decks. Weird, and weirdly strong with balanced builds.",Track it one run: does deliberately rotating hand types keep Obelisk above ×2 without wrecking your levels?,Multiplicative Mult,Mixed,,,1,0,1,75
Odd Todd,Common,4,"Played cards with odd rank give +31 Chips when scored (A, 9, 7, 5, 3)",+Chips,no,+chips,Odd_Todd.png,Chip Battery,+31 chips per scored odd card — Even Steven's mirror. Ace counts. Parity-sculpted decks turn every hand into a chip engine.,Optimizer: all-odd hand (A/3/5/7/9) with Todd vs. mixed — parity discipline priced in chips.,Chips,On Scored,,,1,1,1,40
Onyx Agate,Uncommon,7,Played cards with Clubs suit give +7 Mult when scored,+Mult,no,+mult|suit:Clubs,Onyx_Agate.png,Mult Battery,"+7 Mult per scored Club — the biggest suit-mult. Club flushes with Agate are a genuine early engine, not just filler.",Optimizer: 5-club flush = +35 Mult from Agate alone. Compare against The Tribe's ×2 at your current mult.,Additive Mult,On Scored,Have at least 30 cards with Club suit in your deck,,1,1,1,119
Oops! All 6s,Uncommon,4,Doubles all listed probabilities (ex: 1 in 3 -> 2 in 3),Utility,no,,Oops!_All_6s.png,Rule Bender,"Doubles all listed probabilities — lucky cards hit 1-in-2, Bloodstone flips get friendly, Wheel of Fortune stops insulting you. A build enabler for gambling decks.","Optimist vs. EV mode in the optimizer approximates its effect on lucky builds — measure the uplift, then imagine it real.",Effect,N/A (Passive),"In one hand, earn at least 10,000 chips",,0,1,1,126
Pareidolia,Uncommon,5,All cards are considered face cards,Utility,no,aces|face-cards,Pareidolia.png,Rule Bender,"EVERY card is a face card — Business Card pays on everything, Scary Face/Smiley Face trigger always, Sock and Buskin retriggers everything. A whole archetype in one slot.",Optimizer: toggle Pareidolia with Sock and Buskin — every card scoring twice turns junk hands into engines.,Effect,N/A (Passive),,,0,1,1,37
Perkeo,Legendary,20,Creates a Negative copy of 1 random consumable card in your possession at the end of the shop,Utility,no,consumables|copycat|shop,Perkeo.png,Consumable Engine,Legendary: duplicates a random consumable at shop exit — infinite copies of whatever you're hoarding. Park a Black Hole or key Tarot and let the printer run.,Hold exactly one premium consumable through 3 shops — count the copies. That's compounding you can plan around.,Effect,N/A (Passive),Find this Joker from the Soul card.,,1,1,1,150
Photograph,Common,5,First played face card gives X2 Mult when scored,xMult,no,aces|face-cards|xmult,Photograph.png,xMult Payoff,First scored face card gets ×2 — a positional payoff. Lead with your best face; combos with retriggers and face-heavy sculpting.,Optimizer: face card first vs. buried in the order — quantify the leading-face premium on your usual hand.,Multiplicative Mult,On Scored,,,1,1,1,78
Popcorn,Common,5,"+20 Mult, -4 Mult per round played",+Mult,yes,+mult|scaling,Popcorn.png,Mult Battery,"+20 Mult shrinking -4 per round — strongest today, gone by Friday. Like Ice Cream, it's a rental for the current wall, not a plan.","Five rounds to zero: does it bridge you to the next real engine? If nothing's coming, the slot is dying capital.",Additive Mult,Independent,,,1,1,0,97
Raised Fist,Common,5,Adds double the rank of lowest ranked card held in hand to Mult,Utility,no,held-in-hand,Raised_Fist.png,Mult Battery,Adds double the rank of your LOWEST held card as Mult — hold a King low (20 Mult) or exploit it with deliberately tall holds. The trick: your hand's floor becomes the stat.,Optimizer: same play holding a 2 vs. holding a King as the lowest card — watch the held-hand composition move the score.,Additive Mult,On Held,,,1,1,1,29
Ramen,Uncommon,6,"X2 Mult, loses X0.01 Mult per card discarded",xMult,yes,discards|scaling|xmult,Ramen.png,xMult Payoff,×2 that loses ×0.01 per discarded card — a melting multiplier. No-discard discipline keeps it near-permanent; discard-heavy builds dissolve it in three antes.,"At your discard rate, compute its half-life. Under Banner-style play does Ramen effectively become a permanent ×2?",Multiplicative Mult,Mixed,,,1,1,0,100
Red Card,Common,5,This Joker gains +3 Mult when any Booster Pack is skipped,+Mult,yes,+mult|scaling,Red_Card.png,Scaling Engine,"+3 Mult per booster pack SKIPPED — pays you for shop discipline. An economy-adjacent scaler: skip packs, bank money, grow mult. Triple win for tight players.",Enter its current value each ante — does pack-skipping scale it past +15 by ante 4 while your wallet also grows?,Additive Mult,Independent,,,1,0,1,63
Reserved Parking,Common,6,Each face card held in hand has a 1 in 2 chance to give $1,Economy,no,aces|economy|face-cards|held-in-hand|probability,Reserved_Parking.png,Economy,Face cards held in hand coin-flip $1 each hand — passive income from cards you were hoarding anyway. Baron-style King-holders get paid twice.,One ante of King-hoarding: total the parking meter. It's small — but it's rent on cards doing other jobs.,Economy,On Held,,1 in 2,1,1,1,82
Ride the Bus,Common,6,This Joker gains +1 Mult per consecutive hand played without a scoring face card,+Mult,yes,+mult|aces|face-cards|scaling,Ride_the_Bus.png,Scaling Engine,"+1 Mult per consecutive hand WITHOUT face cards; resets when one scores. The classic discipline engine — sculpt faces out or never play them, and it grows forever.",Enter its current value each ante. Theory: a faceless deck rides it past +20 by ante 6. Your log will settle it.,Additive Mult,Mixed,,,1,0,1,44
Riff-Raff,Common,6,"When Blind is selected, create 2 Common Jokers (Must have room)",Utility,no,blind-aware|joker-synergy,Riff-Raff.png,Utility/Glue,"Two free Common jokers each blind — board-filler that feeds Ceremonial Dagger, sell-value engines, and Baseball-adjacent shenanigans. Value is what you DO with the freebies.","With Dagger or Gift Card on board, total one ante of freebie value. Without them? It's clutter with a smile.",Effect,On Blind Select,,,1,1,1,67
Rocket,Uncommon,6,Earn $1 at end of round. Payout increases by $2 when Boss Blind is defeated,Economy,yes,blind-aware|economy|scaling,Rocket.png,Economy,"Pays $1/round, +$2 permanently each boss beaten — compound interest with a fuse. Early purchase compounds; late purchase never catches Golden Joker.",Compute its cumulative payout from THIS ante to run's end vs. Golden Joker's flat $4 — the crossover ante decides.,Economy,N/A (Passive),,,0,0,1,74
Rough Gem,Uncommon,7,Played cards with Diamonds suit earn $1 when scored,Economy,no,economy|suit:Diamonds,Rough_Gem.png,Economy,$1 per scored Diamond — a toll booth on a suit you're already playing. Diamond-flush builds collect passively; anyone else shrugs.,One ante of diamond plays: does the toll beat Golden Joker's $4? Needs ~5 scored diamonds a round.,Economy,On Scored,Have at least 30 cards with Diamond suit in your deck,,1,1,1,116
Runner,Common,5,Gains +15 Chips if played hand contains a Straight,+Chips,yes,+chips|hand:Straight|scaling|straights,Runner.png,Scaling Engine,Gains +15 chips per Straight played — a chip engine that rewards commitment to the straight lane. With Shortcut/Four Fingers it compounds quickly.,Enter its current chips each ante — five straights in (+75) it rivals fixed chip jokers and keeps going.,Chips,Mixed,,,1,0,1,49
Satellite,Uncommon,6,Earn $1 at end of round per unique Planet card used this run,Economy,yes,economy|planet|scaling,Satellite.png,Economy,$1 per round per unique Planet used this run — economy that scales with your celestial habit. Astronomer feeds it; by late game it out-earns Golden Joker.,Count unique planets used; that's your per-round payout. Find the ante where it passed $4 — earlier than you thought?,Economy,N/A (Passive),Have at least $400.,,0,1,1,139
Scary Face,Common,4,Played face cards give +30 Chips when scored,+Chips,no,+chips|aces|face-cards,Scary_Face.png,Chip Battery,+30 chips per scored face card — face-density filler that Pareidolia upgrades to 'every card'. Honest chips for royal-heavy decks.,Optimizer: K-Q-J heavy hand with vs. without — then add Pareidolia to see the ceiling.,Chips,On Scored,,,1,1,1,33
Scholar,Common,4,Played Aces give +20 Chips and +4 Mult when scored,+Mult,no,+chips|+mult|aces,Scholar.png,Mult Battery,"Aces give +20 chips AND +4 Mult — makes every Ace a dual-stat card. Ace-retention plans (DNA copies, Hack? no—Aces aren't retriggered by Hack) love it.","Optimizer: pair of Aces + Scholar vs. pair of Kings + nothing — the Ace premium, quantified.",Chips and Additive Mult,On Scored,,,1,1,1,41
Seeing Double,Uncommon,6,X2 Mult if played hand has a scoring Clubs card and a scoring card of any other suit,xMult,no,suit:Clubs|xmult,Seeing_Double.png,xMult Payoff,×2 when a Club scores alongside another suit — a two-suit handshake. Club-plus-anything hands are easy to sculpt; wild cards make it near-automatic.,Optimizer: club-inclusive flush-five vs. mono-heart — is keeping one club lane worth a standing ×2?,Multiplicative Mult,Independent,Play a hand that contains four 7 of Clubs,,1,1,1,128
Seltzer,Uncommon,6,Retrigger all cards played for the next 10 hands,Retrigger,no,retrigger,Seltzer.png,Retrigger,Retriggers ALL played cards for 10 hands — a rental Dusk-for-every-hand. Ten hands of double value: schedule it for the ante you must crush.,Optimizer: your standard play doubled per-card vs. normal — multiply by 10 hands; that's Seltzer's total value.,Retrigger,On Scored,,,1,1,0,102
Shoot the Moon,Common,5,Each Queen held in hand gives +13 Mult,+Mult,no,+mult|face-cards|held-in-hand,Shoot_the_Moon.png,Mult Battery,+13 Mult per Queen HELD in hand — Baron's little sister. Queen-hoarding with cheap plays stacks fast; Mime retriggers make it silly.,Optimizer: hold 3 Queens (+39 Mult) behind a tiny pair — versus playing 'real' hands. Held-hand builds in one experiment.,Additive Mult,On Held,Play every Heart card in your deck in one round.,,1,1,1,140
Shortcut,Uncommon,7,Allows Straights to be made with gaps of 1 rank (ex: 10 8 6 5 3),Utility,no,hand:Straight|straights,Shortcut.png,Rule Bender,Straights can skip one rank (e.g. 3-5-7-9-J) — straight assembly stops being a lottery. The enabler that makes straight builds actually consistent.,Optimizer with Shortcut on: count how many of your last 8 hands contain a gapped straight you'd have missed.,Effect,N/A (Passive),,,0,1,1,69
Showman,Uncommon,5,"Joker, Tarot, Planet, and Spectral cards may appear multiple times",Utility,no,joker-synergy|planet|spectral|tarot,Showman.png,Utility/Glue,Jokers and consumables can appear as duplicates — enables double-Blueprint fantasies and consumable stacking. A rule-bender for combo enjoyers with a plan.,"Name the card you want a second copy of. No answer = no Showman. With an answer, it's a build unlock.",Effect,N/A (Passive),Reach Ante level 4,,0,1,1,121
Sixth Sense,Uncommon,6,"If first hand of round is a single 6, destroy it and create a Spectral card (Must have room)",Utility,no,destruction|hand-timing|spectral,Sixth_Sense.png,Consumable Engine,Destroy a played lone 6 → gain a Spectral card. Spectrals are the game's wildest sculpting tools; a 6-recycling routine prints them.,"Keep two 6s alive for three antes: how many Spectrals did the ritual print, and what did they let you build?",Effect,N/A (Passive),,,0,1,1,54
Sly Joker,Common,3,+50 Chips if played hand contains a Pair,+Chips,no,+chips|hand:Pair,Sly_Joker.png,Chip Battery,"+50 chips on Pairs — day-one filler. The first joker you buy and the first you sell, as tradition demands.",Optimizer: exactly how many antes until +50 chips stops covering blind inflation? Set a sell reminder.,Chips,Independent,,,1,1,1,11
Smeared Joker,Uncommon,7,"Hearts and Diamonds count as the same suit, Spades and Clubs count as the same suit",Utility,no,suit:Clubs|suit:Diamonds|suit:Hearts|suit:Spades,Smeared_Joker.png,Rule Bender,"Hearts=Diamonds, Spades=Clubs — your four-suit deck becomes two suits and flushes nearly double in frequency. Ancient Joker and suit-mults get twice the targets.",Optimizer with Smeared on: count flushes in your next 8 hands vs. the 8 before. The rate change IS the argument.,Effect,N/A (Passive),Have at least 3 Wild Card in your deck,,0,1,1,113
Smiley Face,Common,4,Played face cards give +5 Mult when scored,+Mult,no,+mult|aces|face-cards,Smiley_Face.png,Mult Battery,+5 Mult per scored face card — the Mult twin of Scary Face. Face-heavy plays love it; Pareidolia makes it universal.,Optimizer: 3-face hand = +15 Mult. Compare with Scary Face's +90 chips on the same hand — which half do you need?,Additive Mult,On Scored,,,1,1,1,104
Sock and Buskin,Uncommon,6,Retrigger all played face cards,Retrigger,no,aces|face-cards|retrigger,Sock_and_Buskin.png,Retrigger,"Retriggers ALL scored face cards — the face-build engine room. Photograph, Midas, Smiley/Scary, steel faces: everything face-flavored doubles.",Optimizer: pair of Kings with vs. without — then stack Photograph and watch the first King get absurd.,Retrigger,On Scored,Play a total of 300 face cards,,1,1,1,109
Space Joker,Uncommon,5,1 in 4 chance to upgrade level of played poker hand,Utility,no,probability,Space_Joker.png,Utility/Glue,"1-in-4 chance to level your played hand each play — free planet-drip on your most-played hand. Passive, variance-y, quietly compounding for one-hand decks.",Over 20 plays expect ~5 free levels. Check your run log: did your main hand's level match the math?,Effect,On Played,,1 in 4,1,1,1,45
Spare Trousers,Uncommon,6,This Joker gains +2 Mult if played hand contains a Two Pair,+Mult,yes,+mult|hand:Pair|scaling,Spare_Trousers.png,Scaling Engine,"Gains +2 Mult every time you play Two Pair — the pair-spam pedometer. Two Pair is the easiest hand to assemble on demand, so it scales on autopilot.",Enter its current value each ante — ten Two Pairs in (+20) it beats every flat Mult joker. Time the crossover.,Additive Mult,Mixed,,,1,0,1,98
Splash,Common,3,Every played card counts in scoring,Utility,no,,Splash.png,Rule Bender,EVERY played card scores — junk cards become chip donors and per-card jokers trigger on all five. Redefines 'best hand' toward biggest pile.,Optimizer with Splash: a pair plus three fat off-cards vs. the clean pair — watch the garbage earn wages.,Effect,N/A (Passive),,,0,1,1,52
Square Joker,Common,4,This Joker gains +4 Chips if played hand has exactly 4 cards,+Chips,yes,+chips|scaling,Square_Joker.png,Scaling Engine,"Gains +4 chips per 4-card hand played — with Four Fingers making 4-card flushes/straights standard, it scales on your natural rhythm.",Enter its current chips each ante alongside Four Fingers — is the 4-card lifestyle feeding it 3+ times a round?,Chips,Mixed,,,1,0,1,65
Steel Joker,Uncommon,7,Gives X0.2 Mult for each Steel Card in your full deck,xMult,yes,deck-size|enhancements|joker-synergy|scaling|xmult,Steel_Joker.png,xMult Payoff,"×0.2 per Steel card in your DECK (not hand) — the payoff for Chariot-tarot investment. Five steels = ×2 always-on, no holding required.",Count your steels; enter the implied × in the optimizer. Compare against Baron's held-King alternative for the same Tarots.,Multiplicative Mult,Independent,,,1,1,1,32
Stone Joker,Uncommon,6,Gives +25 Chips for each Stone Card in your full deck,+Chips,yes,+chips|deck-size|enhancements|joker-synergy|scaling,Stone_Joker.png,Chip Battery,+25 chips per Stone card in deck — Marble Joker's payoff. A stone-manufacturing pipeline turns dead cards into a permanent chip wall.,"With Marble adding one stone per blind, project the chips two antes out — when does it pass +100 standing?",Chips,Independent,,,1,1,1,89
Stuntman,Rare,7,"+250 Chips, -2 hand size",+Chips,no,+chips|hand-size,Stuntman.png,Chip Battery,"+250 chips for -2 hand size — a huge battery with a real cost: worse selection, harder flushes. Best when your hand type is cheap to assemble (pairs) or your holds are small.","Optimizer: your usual play +250 chips vs. the better hands 2 extra cards would find. The trade, in numbers.",Chips,Independent,"Earn at least 100 million (100,000,000) Chips in a single hand.",,1,1,1,136
Supernova,Common,5,Adds the number of times poker hand has been played this run to Mult,Utility,no,,Supernova.png,Mult Battery,Adds the number of times you've played this hand type as Mult — one-trick decks turn repetition itself into a stat. Your 40th flush brings +40.,Check your most-played count; that's Supernova's value on that hand. When does it pass your flat-Mult filler?,Additive Mult,Independent,,,1,1,1,43
Superposition,Common,4,Create a Tarot card if poker hand contains an Ace and a Straight (Must have room),Utility,no,aces|hand:Straight|straights|tarot,Superposition.png,Consumable Engine,Straight containing an Ace → free Tarot. A-2-3-4-5 (or Shortcut gaps) becomes a Tarot vending machine for straight builds.,Three Ace-straights = three Tarots. Worth bending toward the wheel straight? Count what the Tarots bought you.,Effect,Independent,,,1,1,1,59
Swashbuckler,Common,4,Adds the sell value of all other owned Jokers to Mult,Economy,no,economy|joker-synergy,Swashbuckler.png,Mult Battery,Adds the sell value of your OTHER jokers as Mult — a board-worth meter. Gift Card inflates it; expensive boards make it a genuine engine.,Total your board's sell value; that's the +Mult. Does buying pricier jokers now carry a hidden double payoff?,Additive Mult,Independent,Sell a total of 20 Joker cards,,1,1,1,110
Séance,Uncommon,6,"If poker hand is a Straight Flush, create a random Spectral card (Must have room)",Utility,no,hand:Straight Flush|spectral|straights,Séance.png,Consumable Engine,Straight Flush → free Spectral card. The rarest hand prints the rarest consumable — mono-suit straight builds get a jackpot rider.,"If you land one Straight Flush per two antes, is the Spectral stream worth a slot? Only committed builds say yes.",Effect,Independent,,,1,1,1,66
The Duo,Rare,8,X2 Mult if played hand contains a Pair,xMult,no,hand:Pair|xmult,The_Duo.png,xMult Payoff,"×2 if the hand CONTAINS a Pair — the easiest condition in the multiplicative family. Full houses, two pairs, trips all qualify; it's a near-unconditional ×2 for pair-adjacent decks.","Optimizer: stack The Duo with one more ×2 on a full house — multiplicative stacking (×4, not +4) in one glance.",Multiplicative Mult,Independent,Win a run without playing a Pair.,,1,1,1,131
The Family,Rare,8,X4 Mult if played hand contains a Four of a Kind,xMult,no,hand:Four of a Kind|xmult,The_Family.png,xMult Payoff,×4 on hands containing Four of a Kind — the biggest conditional × on the tightest condition. DNA-duplicated ranks and rank-sculpting make it reachable.,Optimizer: your best quads with ×4 vs. your best flush with ×2 — which archetype's ceiling is truly higher?,Multiplicative Mult,Independent,Win a run without playing a Four of a Kind.,,1,1,1,133
The Idol,Uncommon,6,"Each played [rank] of [suit] gives X2 Mult when scored, Card changes every round",xMult,no,xmult,The_Idol.png,xMult Payoff,"×2 per scored copy of a specific card (changes each round) — a lottery you can rig with duplicated decks (DNA, Cryptid). Random for tourists, an engine for engineers.",Set the Idol card in the optimizer to one you hold 3 copies of — watch ×8 appear from 'random'.,Multiplicative Mult,On Scored,"In one hand, earn at least 1,000,000 chips",,1,1,1,127
The Order,Rare,8,X3 Mult if played hand contains a Straight,xMult,no,hand:Straight|straights|xmult,The_Order.png,xMult Payoff,"×3 on hands containing a Straight — the straight lane's big payoff. With Shortcut/Four Fingers feeding consistency, it's the reason the archetype works.",Optimizer: straight + The Order vs. flush + The Tribe at equal levels — settle the lane rivalry with numbers.,Multiplicative Mult,Independent,Win a run without playing a Straight.,,1,1,1,134
The Tribe,Rare,8,X2 Mult if played hand contains a Flush,xMult,no,hand:Flush|xmult,The_Tribe.png,xMult Payoff,×2 on hands containing a Flush — the flush build's standing multiplier. Unconditional in a mono-suit deck; the first 'real engine' most flush runs buy.,Optimizer: your flush with Tribe alone vs. Tribe + Blueprint copying it — ×2 vs. ×4 is the whole endgame plan.,Multiplicative Mult,Independent,Win a run without playing a Flush.,,1,1,1,135
The Trio,Rare,8,X3 Mult if played hand contains a Three of a Kind,xMult,no,hand:Three of a Kind|xmult,The_Trio.png,xMult Payoff,"×3 on hands containing Three of a Kind — trips/full-house decks' payoff. Harder condition than The Duo, bigger reward; rank-sculpting makes it reliable.",Optimizer: full house with Trio (qualifies) vs. two pair with Duo — condition difficulty priced against payout.,Multiplicative Mult,Independent,Win a run without playing a Three of a Kind.,,1,1,1,132
Throwback,Uncommon,6,X0.25 Mult for each Blind skipped this run,xMult,no,blind-aware|xmult,Throwback.png,xMult Payoff,×0.25 per blind SKIPPED this run — pays you for skipping. Skip-heavy routes (tag farming) accumulate a permanent ×; a strategy joker that rewards route planning.,Two skips = ×1.5 standing. Plan a skip-heavy route and enter the final × — did the skipped shops cost less than it pays?,Multiplicative Mult,Independent,Continue a saved run from the main menu,,1,1,1,114
To Do List,Common,4,"Earn $4 if poker hand is a [Poker Hand], poker hand changes at end of round",Economy,no,economy,To_Do_List.png,Economy,$4 when you play the listed hand (changes each round) — a small bounty for flexibility. One-trick decks collect rarely; flexible players farm it.,One ante: how many bounties did you actually hit without distorting your play? That number decides the slot.,Economy,On Played,,,1,1,1,60
To the Moon,Uncommon,5,Earn an extra $1 of interest for every $5 you have at end of round,Economy,no,economy,To_the_Moon.png,Economy,+$1 interest per $5 held (on top of base interest) — doubles down on the hoarding lifestyle. With a fat bank it's the best pure economy card in the game.,At $25+ held it pays $5/round. Compute three rounds of compound difference vs. Golden Joker — hoarders win big.,Economy,N/A (Passive),,,0,1,1,84
Trading Card,Uncommon,6,"If first discard of round has only 1 card, destroy it and earn $3",Economy,no,destruction|discards|economy,Trading_Card.png,Economy,First discard of exactly ONE card destroys it and pays $3 — deck-thinning that PAYS. Surgical removal of your worst card every single round.,"One card thinner + $3, every round. After one ante, is your draw quality visibly better? Erosion says hi, too.",Economy,On Discard,,,0,1,1,95
Triboulet,Legendary,20,Played Kings and Queens each give X2 Mult when scored,xMult,no,face-cards|xmult,Triboulet.png,xMult Payoff,"Legendary: scored Kings and Queens give ×2 EACH. A royal-court engine — K/Q pairs hit ×4, and with retriggers the numbers stop being polite.",Optimizer: pair of Kings under Triboulet (×4) then add Sock and Buskin — watch retriggered royalty break the banner.,Multiplicative Mult,On Scored,Find this Joker from the Soul card.,,1,1,1,147
Troubadour,Uncommon,6,"+2 hand size, -1 hand each round",Utility,yes,hand-size|scaling,Troubadour.png,Utility/Glue,"+2 hand size, -1 hand per round — deeper selection, fewer swings. Big-hand assembly builds (flush five, straight flush hunts) accept the tempo tax.",Theory: with 10-card selection your best-play average rises enough to need fewer hands anyway. Sample it in the optimizer.,Effect,N/A (Passive),Win 5 consecutive rounds by playing only 1 hand,,0,1,1,111
Turtle Bean,Uncommon,6,"+5 hand size, reduces by 1 each round",Utility,no,hand-size,Turtle_Bean.png,Utility/Glue,"+5 hand size, shrinking by 1 each round — a rental Troubadour without the tempo cost. Ride the giant hands while they last.",Five rounds of shrinking selection: schedule your hardest blind inside the window and check the difference.,Effect,N/A (Passive),,,0,1,0,80
Vagabond,Rare,8,Create a Tarot card if hand is played with $4 or less,Economy,no,economy|tarot,Vagabond.png,Consumable Engine,"Free Tarot when you end a hand with $4 or less — pays you for being broke. Pairs beautifully with Credit Card spending: stay poor, print Tarots.",Three broke hands = three Tarots. Deliberately spend down for an ante — did the Tarot stream out-value the interest lost?,Effect,Independent,,,1,1,1,71
Vampire,Uncommon,7,"This Joker gains X0.1 Mult per scoring Enhanced card played, removes card Enhancement",xMult,yes,enhancements|scaling|xmult,Vampire.png,Scaling Engine,"Gains ×0.1 per Enhanced card played — but REMOVES the enhancement. It eats your steel/glass/lucky investments to grow. Feed it cheap enhancements, never your engine pieces.",Enter its current × each ante — after eating 10 throwaway enhancements (×2) has it repaid what it consumed?,Multiplicative Mult,Mixed,,,1,0,1,68
Walkie Talkie,Common,4,Each played 10 or 4 gives +10 Chips and +4 Mult when scored,+Mult,no,+chips|+mult,Walkie_Talkie.png,Chip Battery,Every scored 10 or 4 gives +10 chips +4 Mult — a dual-stat battery on two ranks. 10s appear in every big straight; 4s in wheel straights. Quietly everywhere.,Optimizer: 4-5-6-7-8 + Walkie vs. 10-J-Q-K-A + Walkie — which straight family feeds it better with your deck?,Chips and Additive Mult,On Scored,,,1,1,1,101
Wee Joker,Rare,8,This Joker gains +8 Chips when each played 2 is scored,+Chips,yes,+chips|joker-synergy|scaling,Wee_Joker.png,Scaling Engine,Gains +8 chips per scored 2 — the reason to hoard and retrigger 2s (Hack doubles every trigger). A meme that becomes a monster in dedicated deuce decks.,Enter its current chips each ante with Hack on board — deuce-spam for one ante and watch the line go vertical.,Chips,Mixed,Win a run in 18 or fewer rounds,,1,0,1,124
Wily Joker,Common,4,+100 Chips if played hand contains a Three of a Kind,+Chips,no,+chips|hand:Three of a Kind,Wily_Joker.png,Chip Battery,"+100 chips on Three of a Kind — trips-lane filler. Same lifecycle as its cousins: bridge, then sell.","Optimizer: trips + Wily vs. two pair + Mad — the filler civil war, settled at your current levels.",Chips,Independent,,,1,1,1,12
Wrathful Joker,Common,5,Played cards with Spades suit give +3 Mult when scored,+Mult,no,+mult|suit:Spades,Wrathful_Joker.png,Mult Battery,+3 Mult per scored Spade — spade filler; Arrowhead's Mult-flavored sibling. Match to your suit plan.,Optimizer: spade flush with Wrathful + Arrowhead together — is the dedicated spade package worth two slots?,Additive Mult,On Scored,,,1,1,1,4
Yorick,Legendary,20,This Joker gains X1 Mult every 23 cards discarded,xMult,no,discards|xmult,Yorick.png,Scaling Engine,"Legendary: gains ×1 per 23 cards discarded — the discard build's endgame. Merry Andy + discard engines feed the skull; it never resets, only grows.","Enter its current × each ante. At your discard rate, when does Yorick hit ×3 — and what else could those slots have scaled by then?",Multiplicative Mult,Mixed,Find this Joker from the Soul card.,,1,1,1,148
Zany Joker,Common,4,+12 Mult if played hand contains a Three of a Kind,+Mult,no,+mult|hand:Three of a Kind,Zany_Joker.png,Mult Battery,+12 Mult on Three of a Kind — trips filler with a bigger number. The archetype's training wheels.,Optimizer: find the exact ante where Zany's +12 loses to a ×1.5 on your curve — schedule the trade.,Additive Mult,Independent,,,1,1,1,7
